{
  "thetas": [
    0.007979546224855338,
    0.7774973462146286,
    1.0509974094892023,
    -0.0004938909012348567,
    1.5668163980819458,
    0.09162978572970225
  ],
  "gripper_angle": 74,
  "timestamp": "2025-11-23T22:02:41.462515"
}