{
  "thetas": [
    0.0,
    0.7853981633974483,
    1.0471975511965979,
    0.0,
    1.5707963267948966,
    -0.06108652381980152
  ],
  "gripper_angle": 45,
  "timestamp": "2025-11-24T21:30:23.943629"
}