{
  "thetas": [
    -0.09104367396534792,
    1.2374799274852335,
    2.0553226287493866,
    -0.43534256377633174,
    1.618921082866028,
    0.0
  ],
  "gripper_angle": 45,
  "timestamp": "2025-11-24T21:27:24.978363"
}