{
  "thetas": [
    -0.007717937742971066,
    0.2618354768603808,
    0.2606154402832258,
    0.00025524775331602453,
    -0.00013307742662968725,
    0.0
  ],
  "gripper_angle": 45,
  "timestamp": "2025-11-26T18:37:32.906672"
}